proposition_id,text,normalized_text,holding_verb,first_seen_run_id,first_seen_at
000568bbc077d1e3f6aba5730a5c1c398d63825eb3a1f42b92a3941c5146538f,"“While there is some variety in the timing and formality required for defendants to express their unanimous consent to removal, each defendant’s consent to removal must be unambiguous and independent.” (footnote omitted)","“while there is some variety in the timing and formality required for defendants to express their unanimous consent to removal, each defendant’s consent to removal must be unambiguous and independent.” (footnote omitted)",,v1-backfill-20260504-040014,2026-05-04T04:00:14Z
00f9b8a70f7b50763b4d4ff949777aaffd452b7db8939e8b60ffea8a440437ae,"“In the exercise of its broad power over naturalization and immigration, Congress regularly makes rules that would be unacceptable if applied to citizens.”","“in the exercise of its broad power over naturalization and immigration, congress regularly makes rules that would be unacceptable if applied to citizens.”",,v1-backfill-20260504-040014,2026-05-04T04:00:14Z
05af6da42bff345cea2e0ee5f413225a4d76a7590cb33f9c7bc92e5ec0145a08,“[T]his court’s review is restricted to points of error and argument specifically raised and discussed in briefs submitted after the administrative transcript is filed.”,“[t]his court’s review is restricted to points of error and argument specifically raised and discussed in briefs submitted after the administrative transcript is filed.”,,v1-backfill-20260504-040014,2026-05-04T04:00:14Z
07db92df19e9d3e32e8c915f72455ba99e244692a23b05681c73f5cfcfc93f1e,explaining that “the limitation the outer surface of said sphere would not require an antecedent recitation that the sphere have an outer surface”,explaining that “the limitation the outer surface of said sphere would not require an antecedent recitation that the sphere have an outer surface”,,v1-backfill-20260504-040014,2026-05-04T04:00:14Z
08877b87ef0c6b7c1bae6bb4700118f786d5868a97d701bdd0a09d410c020f89,“a [p]etitioner must satisfy the Younger abstention hurdles before [a court] may give habeas relief”,“a [p]etitioner must satisfy the younger abstention hurdles before [a court] may give habeas relief”,,v1-backfill-20260504-040014,2026-05-04T04:00:14Z
09f5f700949bcb2e4508f90cfa7066c2e55055d400f5488aae6abc191c8814be,"holding that “[b]y its terms, [TRIA] § 201 does not provide for execution against assets that are not blocked”","holding that “[b]y its terms, [tria] § 201 does not provide for execution against assets that are not blocked”",,v1-backfill-20260504-040014,2026-05-04T04:00:14Z
0bd80e3415576ca9bfd0c213c76f0dbeae8509ec873e7819f60d8fb11c90db80,“ ‘Different theories supporting the 7 same claim for relief must be brought in the initial action.’ [citation omitted] ... Permitting these 8 later-filed claims to proceed would create incentive for plaintiffs to hold back claims and have a 9 second adjudication.”,“ ‘different theories supporting the 7 same claim for relief must be brought in the initial action.’ [citation omitted] ... permitting these 8 later-filed claims to proceed would create incentive for plaintiffs to hold back claims and have a 9 second adjudication.”,,v1-backfill-20260504-040014,2026-05-04T04:00:14Z
0f80531300bb53d210bd372d4d70ab848d63d1caf6edd4f52ad8fa2a6adbc7d4,"stating that “[f]ederal law 27 determines when a cause of action for a Section 1983 claim accrues and, hence, when the statute 1 knows or has reason to know of the injury that is the basis of the action.” Belanus v. Clark, 796 2 F.3d 1021, 1025 (9th Cir. 2015","stating that “[f]ederal law 27 determines when a cause of action for a section 1983 claim accrues and, hence, when the statute 1 knows or has reason to know of the injury that is the basis of the action.” belanus v. clark, 796 2 f.3d 1021, 1025 (9th cir. 2015",,v1-backfill-20260504-040014,2026-05-04T04:00:14Z
0f97470370d9854804525561c8e410b733d3712ba1d50e4641b4c4e6d2b7b695,"“Without such a showing [that the claimant’s symptoms wax and wane], the claimant’s ability to maintain employment is subsumed in the RFC determination.”","“without such a showing [that the claimant’s symptoms wax and wane], the claimant’s ability to maintain employment is subsumed in the rfc determination.”",,v1-backfill-20260504-040014,2026-05-04T04:00:15Z
0fe77db256520d14bd1b90fd69f66c9c49271224900c7d47cffbd4b793119e2b,"explaining that the definiteness “requirement is not a demand for unreasonable precision” and that “verbal precision” in every case is not possible “in a patent system that actually works, in practice”","explaining that the definiteness “requirement is not a demand for unreasonable precision” and that “verbal precision” in every case is not possible “in a patent system that actually works, in practice”",,v1-backfill-20260504-040014,2026-05-04T04:00:14Z
102ea8dd8dab275da19d5c94b68ead58edbb474095990bbd6ee42c594f26ddfb,"stating that when a state prisoner does not seek direct review, the conviction becomes final for purposes of § 2244 at “the expiration of the time for seeking such review”","stating that when a state prisoner does not seek direct review, the conviction becomes final for purposes of § 2244 at “the expiration of the time for seeking such review”",,v1-backfill-20260504-040014,2026-05-04T04:00:14Z
10bf48e8c4be16be8ae0bc2f9c0ccbfa08b2f6eb1bda54bf49ea64c95d5f2fdf,“[A]n independent school district is more like a city or county than it is like an arm of the State of Texas and is amenable to suit in federal court under the Eleventh Amendment.”,“[a]n independent school district is more like a city or county than it is like an arm of the state of texas and is amenable to suit in federal court under the eleventh amendment.”,,v1-backfill-20260504-040014,2026-05-04T04:00:14Z
137fc0a1fe50082f43efe017967e21f41a576fa3231c28dc88dc702a89467c02,"stating that, for a corporation, 16 the paradigm forum for the exercise of general jurisdiction is its place of incorporation and its 17 principal place of business","stating that, for a corporation, 16 the paradigm forum for the exercise of general jurisdiction is its place of incorporation and its 17 principal place of business",,v1-backfill-20260504-040014,2026-05-04T04:00:14Z
13e05b1e340f45de260289af880fe78649d16b6512a6bf202385b3ba98627196,holding that screening of in forma pauperis complaint under Rule 12(b)(6) standard should not be conflated with standard for frivolousness,holding that screening of in forma pauperis complaint under rule 12(b)(6) standard should not be conflated with standard for frivolousness,,v1-backfill-20260504-040014,2026-05-04T04:00:15Z
14277048ff65f4d88dee311ecbb4ee58fd7270f09535fcc8a62960bc62056583,"finding that § 1681i “by its express terms, limits the duty to conduct a reasonable investigation to consumer reporting agencies.”","finding that § 1681i “by its express terms, limits the duty to conduct a reasonable investigation to consumer reporting agencies.”",,v1-backfill-20260504-040014,2026-05-04T04:00:15Z
17d235a3d9d2f6d2b7024b00d158de380ff66ee225acb5acd5caf13138c7b479,"applying Massachusetts law sand finding continuity of shareholders factor not satisfied where defendant “paid cash for the assets of [the purported predecessor entity], and thus no shares exchanged hands”","applying massachusetts law sand finding continuity of shareholders factor not satisfied where defendant “paid cash for the assets of [the purported predecessor entity], and thus no shares exchanged hands”",,v1-backfill-20260504-040014,2026-05-04T04:00:15Z
1b4c45e3cad5e8dcb645e17294bc7c253d9b061ebe18b9e0c7096fc375b9d0c6,contrasting the standard for resolving a motion to dismiss with the standard on summary judgment,contrasting the standard for resolving a motion to dismiss with the standard on summary judgment,,v1-backfill-20260504-040014,2026-05-04T04:00:15Z
1ec3a31457dd371ea7a189b80b2ccb939a5ae0581ba831e8f8b8c54336ea9788,reasoning that “[t]here is no legal basis on which the state can retain a fine exacted from Libous as punishment for an offense he is now presumed not to have committed” but not discussing restitution as no restitution had not been ordered,reasoning that “[t]here is no legal basis on which the state can retain a fine exacted from libous as punishment for an offense he is now presumed not to have committed” but not discussing restitution as no restitution had not been ordered,,v1-backfill-20260504-040014,2026-05-04T04:00:14Z
1f46927ff421989c0731f25b873fb0f83c703fad97dfdc76b14f52185fe1b224,holding that plaintiff who exhausted administrative remedies was not also required to exhaust issues in a request for review by the Appeals Council,holding that plaintiff who exhausted administrative remedies was not also required to exhaust issues in a request for review by the appeals council,,v1-backfill-20260504-040014,2026-05-04T04:00:14Z
23ce9b8f5ebc1bd72295d24183d109bb1b29794f9e11b271a5c1b64f3e15cc6b,"referring to the “unreasonable and unjust” condition as “more demanding” than a mere inquiry into “contacts” or “convenience” (citing Carnival Cruise Lines, Inc. v. Shute, 499 U.S. 585, 595 (1991))","referring to the “unreasonable and unjust” condition as “more demanding” than a mere inquiry into “contacts” or “convenience” (citing carnival cruise lines, inc. v. shute, 499 u.s. 585, 595 (1991))",,v1-backfill-20260504-040014,2026-05-04T04:00:15Z
24c3a01b0de725f17de352304ebbae61f6d9fd1dd0a4ebd3654e4bb52e557af8,"“We routinely have rejected claims, however, where a prisoner's claim is based on a preference for one medication over another unless there is evidence of a substantial departure from acceptable professional judgment.”","“we routinely have rejected claims, however, where a prisoner's claim is based on a preference for one medication over another unless there is evidence of a substantial departure from acceptable professional judgment.”",,v1-backfill-20260504-040014,2026-05-04T04:00:15Z
251abe14ebdbeda8c55fcbc99fff03c1abb80d4a0191b9e2127b34e756d12a62,providing that a court “may take notice of proceedings in other courts ... if 11 those proceedings have a direct relation to matters at issue”,providing that a court “may take notice of proceedings in other courts ... if 11 those proceedings have a direct relation to matters at issue”,,v1-backfill-20260504-040014,2026-05-04T04:00:14Z
298a16b6a93d917dc43063d73f2794fa551983d7d46e2ef822abf94b19bca679,appropriate safeguards to minimize the danger of unfair prejudice include a limit on what details the Government can elicit and a precautionary limiting instruction,appropriate safeguards to minimize the danger of unfair prejudice include a limit on what details the government can elicit and a precautionary limiting instruction,,v1-backfill-20260504-040014,2026-05-04T04:00:14Z
2c14da4c5beb94e76807444b20ea37087233f0d96423ed4bcca634603cac7fb2,finding that equitable The DCHRA was recently amended to enlarge the statute of limitations to a two-year period. See § 2–1403.16(a,finding that equitable the dchra was recently amended to enlarge the statute of limitations to a two-year period. see § 2–1403.16(a,,v1-backfill-20260504-040014,2026-05-04T04:00:14Z
2d2035045fdb1cf8acc053d433ff39ddf99cd579a93d0cfe8d1e8795a7a78a68,inference of causality permitted where employee was discharged immediately after handing his supervisor a note detailing allegations of discrimination,inference of causality permitted where employee was discharged immediately after handing his supervisor a note detailing allegations of discrimination,,v1-backfill-20260504-040014,2026-05-04T04:00:15Z
30d3bae2ec3983bd1cf549f9bd38d405b2c723360f4866e1c5f6350e8bea28f4,"“Having found that one or more of Golembiewski's impairments was “severe,” the ALJ needed to consider the aggregate effect of this entire constellation of ailments– including those impairments that in isolation are not severe.”","“having found that one or more of golembiewski's impairments was “severe,” the alj needed to consider the aggregate effect of this entire constellation of ailments– including those impairments that in isolation are not severe.”",,v1-backfill-20260504-040014,2026-05-04T04:00:15Z
323a6a1c1bf71ec9a310186d4ec035ff8492188a5eec846d84692a5980f9fb72,sovereign immunity barred due process and academic freedom claims brought under § 1983 by a terminated former professor against university officials,sovereign immunity barred due process and academic freedom claims brought under § 1983 by a terminated former professor against university officials,,v1-backfill-20260504-040014,2026-05-04T04:00:15Z
3425b2ef4e86bc0eee92e86e16e703edd09eedf89cf60df635365f4dbbe99ad2,"finding no duty of care existed between plaintiff-borrower and defendants, including Wells Fargo, the loan servicer","finding no duty of care existed between plaintiff-borrower and defendants, including wells fargo, the loan servicer",,v1-backfill-20260504-040014,2026-05-04T04:00:15Z
3518777e2d82498a0edaa086c661fff3360843a151dc947c43e32c676526cc6d,"“Under the rule set out by [Younger], federal courts must refrain from considering requests for injunctive relief based upon constitutional challenges to state criminal proceedings pending at the time the federal action is instituted.”","“under the rule set out by [younger], federal courts must refrain from considering requests for injunctive relief based upon constitutional challenges to state criminal proceedings pending at the time the federal action is instituted.”",,v1-backfill-20260504-040014,2026-05-04T04:00:15Z
353ddbd10ff4829684f160d2896cd251fb6f80bbd4eb6a92d2158592c73eb5d6,noting that every Circuit to face the issue has held that neither a felony nor a misdemeanor needs to have been committed in the officers’ presence to support a warrantless arrest,noting that every circuit to face the issue has held that neither a felony nor a misdemeanor needs to have been committed in the officers’ presence to support a warrantless arrest,,v1-backfill-20260504-040014,2026-05-04T04:00:14Z
3a2083d9ee96ffb06d9d917e0ccbf154b8ba1752814ff75106650432d348dca6,a prisoner’s “disagreement with medical professionals about his needs . . . does not state a cognizable Eighth Amendment claim”,a prisoner’s “disagreement with medical professionals about his needs . . . does not state a cognizable eighth amendment claim”,,v1-backfill-20260504-040014,2026-05-04T04:00:15Z
3efeeb607ae1f07df19b4a587f84931d4909256774b51a6b33c2aa17a44d44a0,prison doctors “may choose from a range of acceptable courses” without running afoul of the Eighth Amendment,prison doctors “may choose from a range of acceptable courses” without running afoul of the eighth amendment,,v1-backfill-20260504-040014,2026-05-04T04:00:15Z
3fa794ac6b825307292d9308dfae9aaf9068175a027d9619dcdd9c7c441da4c2,“Standing is lacking if it is merely ‘speculative’—as opposed to ‘likely’—that the plaintiff's injury would be redressed by a favorable decision.”,“standing is lacking if it is merely ‘speculative’—as opposed to ‘likely’—that the plaintiff's injury would be redressed by a favorable decision.”,,v1-backfill-20260504-040014,2026-05-04T04:00:15Z
3fc543b68cf25b96c67cd89877cebf9c7c97c7d60290b73d7072f6eb973d2d79,“It is obvious that branding [the prisoner plaintiff] a sex offender could make him a target of prison violence.”,“it is obvious that branding [the prisoner plaintiff] a sex offender could make him a target of prison violence.”,,v1-backfill-20260504-040014,2026-05-04T04:00:15Z
43e68b88109d0043b577a46ec4fe27d6a1d8e6dfe135a707836b64fce4e4028c,holding that the ALJ erred “[b]y failing to make the specific determination required by Singletary”,holding that the alj erred “[b]y failing to make the specific determination required by singletary”,,v1-backfill-20260504-040014,2026-05-04T04:00:15Z
44b931260e3b08348e9f2f15264f4a827dec1502509454c6956b3c28136b923f,“[The] court should 10 || grant leave to amend... unless it determines that the pleading could not possibly be cured by the 11 allegation of other facts.” (quotation marks and citation omitted),“[the] court should 10 || grant leave to amend... unless it determines that the pleading could not possibly be cured by the 11 allegation of other facts.” (quotation marks and citation omitted),,v1-backfill-20260504-040014,2026-05-04T04:00:14Z
4652e789013f3fe8bee1edef15d191cf64d02368b6e40650d591658d5792540e,"“[A] mere breach of a legal obligation under commercial law, without more, does not amount to an unfair and deceptive act under [Chapter 93A].” (citing Whitinsville Plaza, Inc. v. Kotseas, 390 N.E.2d 243 (Mass. 1979))","“[a] mere breach of a legal obligation under commercial law, without more, does not amount to an unfair and deceptive act under [chapter 93a].” (citing whitinsville plaza, inc. v. kotseas, 390 n.e.2d 243 (mass. 1979))",,v1-backfill-20260504-040014,2026-05-04T04:00:15Z
48bbe437e1d56638c3aeecd121380ef61d7f7893aa15527601209119ebf95d84,"“It is well-accepted that federal courts may take judicial notice of proceedings in other courts if those proceedings have relevance to the matters at hand.” (quoting Law Offices of David Efron v. Matthews & Fullmer Law Firm, 782 F.3d 46, 56 n.7 (1st Cir. 2015))","“it is well-accepted that federal courts may take judicial notice of proceedings in other courts if those proceedings have relevance to the matters at hand.” (quoting law offices of david efron v. matthews & fullmer law firm, 782 f.3d 46, 56 n.7 (1st cir. 2015))",,v1-backfill-20260504-040014,2026-05-04T04:00:15Z
4b169832650f03aeb92a6b4c4df23e0076b464ffd116d1a3c63cde2016fa735d,noting that the Court “must resolve any ambiguities . . . in favor of remand”,noting that the court “must resolve any ambiguities . . . in favor of remand”,,v1-backfill-20260504-040014,2026-05-04T04:00:14Z
4f9d3d44e7c20ccbe3c4bc56efa3befd50a131a02d9658956bf54e648f21795a,“Procedural perfection in administrative proceedings is not required. This court will not vacate a judgment unless the substantial rights of a party have been affected.”,“procedural perfection in administrative proceedings is not required. this court will not vacate a judgment unless the substantial rights of a party have been affected.”,,v1-backfill-20260504-040014,2026-05-04T04:00:14Z
518ac1761f1b52b400dc16b8dae2bc8ee35fc3aa67213c3fbcb2c62777c6cd32,"“Normally, when all federal claims are dismissed before trial, the district court should relinquish jurisdiction over pendent state-law claims rather than resolving them on the merits.” (quotation marks omitted)","“normally, when all federal claims are dismissed before trial, the district court should relinquish jurisdiction over pendent state-law claims rather than resolving them on the merits.” (quotation marks omitted)",,v1-backfill-20260504-040014,2026-05-04T04:00:15Z
577e8226c535393bc0e734484b2f923a848efa80ae58dc83cac8ff5fe22db433,“Article III requires a plaintiff to first answer a basic question: ‘What’s it to you?’”,“article iii requires a plaintiff to first answer a basic question: ‘what’s it to you?’”,,v1-backfill-20260504-040014,2026-05-04T04:00:15Z
592ca7fac83e697f27332b66bfcbc642896276b170d0ecf55faeebc01dd7702b,"affirming the district court’s dismissal of an FCA suit for failure to prosecute, where the relator did not comply with the court’s order to hire counsel","affirming the district court’s dismissal of an fca suit for failure to prosecute, where the relator did not comply with the court’s order to hire counsel",,v1-backfill-20260504-040014,2026-05-04T04:00:14Z
59e56aa9f94bca8b75a59c1099066e7620a6a89d17b017988074ed7831ced450,"holding that, in the Ninth Circuit, “‘serious questions going to the merits’ and a 25 hardship balance that tips sharply toward the plaintiff can support issuance of an injunction, 26 assuming the other two elements of the Winter test are also met”","holding that, in the ninth circuit, “‘serious questions going to the merits’ and a 25 hardship balance that tips sharply toward the plaintiff can support issuance of an injunction, 26 assuming the other two elements of the winter test are also met”",,v1-backfill-20260504-040014,2026-05-04T04:00:14Z
5be0f71658a863776c09a9352ab65f3faa0712efd44ffe5e0bf50eb7e5aca28c,affirming a district court’s finding of irreparable harm when the testimony included evidence that a patentee was “precluded from marketing to potential and existing customers that it [was] the exclusive market leader”,affirming a district court’s finding of irreparable harm when the testimony included evidence that a patentee was “precluded from marketing to potential and existing customers that it [was] the exclusive market leader”,,v1-backfill-20260504-040014,2026-05-04T04:00:14Z
601d5db4ac77514d131ba8889e10bd309e23fbde1fbb3efdc29626c0b9c4c450,"approving supplemental jurisdiction over an employer’s counterclaims, including breach of fiduciary duty, against an employee’s husband because those counterclaims operated as a defense to the employee’s claim","approving supplemental jurisdiction over an employer’s counterclaims, including breach of fiduciary duty, against an employee’s husband because those counterclaims operated as a defense to the employee’s claim",,v1-backfill-20260504-040014,2026-05-04T04:00:14Z
610c8ff79d1e16d6b40ad5a8fd266aae9251a5d4682eeef6b1c0c772b5271179,There is simply “no principle of law or equity which sanctions the rejection by a federal court of the salutary principle of res judicata.”,there is simply “no principle of law or equity which sanctions the rejection by a federal court of the salutary principle of res judicata.”,,v1-backfill-20260504-040014,2026-05-04T04:00:14Z
6125df429db7ab3b462d329f98b9a8cefe4bdff55b2b7ce78ea661475b49bdf6,"“It is well-accepted that federal courts may take judicial notice of proceedings in other courts if those proceedings have relevance to the matters at hand.” (quoting Law Offs. of David Efron v. Matthews & Fullmer L. Firm, 782 F.3d 46, 56 n.7 (1st Cir. 2015))","“it is well-accepted that federal courts may take judicial notice of proceedings in other courts if those proceedings have relevance to the matters at hand.” (quoting law offs. of david efron v. matthews & fullmer l. firm, 782 f.3d 46, 56 n.7 (1st cir. 2015))",,v1-backfill-20260504-040014,2026-05-04T04:00:15Z
636da398d991ffc8bd8b85ffb7a80520e89acc2d3f4bba823e2c992a93437250,"“Threadbare recitals of the 18 elements of a cause of action, supported by mere conclusory statements, do not suffice, . . . [and] 19 we are not bound to accept as true a legal conclusion couched as a factual allegation.” (cleaned 20 up)","“threadbare recitals of the 18 elements of a cause of action, supported by mere conclusory statements, do not suffice, . . . [and] 19 we are not bound to accept as true a legal conclusion couched as a factual allegation.” (cleaned 20 up)",,v1-backfill-20260504-040014,2026-05-04T04:00:14Z
641c893ecc19d1b7c9e5836010badbffe00fa7aeba3d087cc572361e716aaa9b,“The abatement rule applies when a direct appeal is pending at the time of appellant’s death.” (emphasis in original),“the abatement rule applies when a direct appeal is pending at the time of appellant’s death.” (emphasis in original),,v1-backfill-20260504-040014,2026-05-04T04:00:14Z
6a9567ea88065279f679e8123e3215438bb5eb8308046f4ce21ecfdf5853e99b,noting that a plaintiff “may not speculate about future business relationships when alleging this tort”,noting that a plaintiff “may not speculate about future business relationships when alleging this tort”,,v1-backfill-20260504-040014,2026-05-04T04:00:15Z
6c6a80a88733bd889b1a353f2bdc3e1099c70d9be6f54d6f0a6631f54858ec54,observing that the district court’s case 6 || management order permitting “limited discovery from an Internet Service Provider to establish a 7 || potential infringer’s identity” was “a sensible way to manage its dockets ... .”,observing that the district court’s case 6 || management order permitting “limited discovery from an internet service provider to establish a 7 || potential infringer’s identity” was “a sensible way to manage its dockets ... .”,,v1-backfill-20260504-040014,2026-05-04T04:00:14Z
76ebe38e49ce9390678bbb9ff815dddcd2e2b7aa9b985a24e49ab942b429e43d,“An administrative law judge may not ask a vocational expert a hypothetical question based on substantial evidence and then ignore unfavorable answers.”,“an administrative law judge may not ask a vocational expert a hypothetical question based on substantial evidence and then ignore unfavorable answers.”,,v1-backfill-20260504-040014,2026-05-04T04:00:15Z
7bb6d9d745602fd6ecaa7ea9c3705014113290ce9d7b5c2456884a30270698dc,"“[The rule of reason] cannot be decided in the abstract, by reference to some number of months or years beyond which agency inaction is presumed to be unlawful but will depend in large part . . . upon the complexity of the task at hand, the significance (and permanence","“[the rule of reason] cannot be decided in the abstract, by reference to some number of months or years beyond which agency inaction is presumed to be unlawful but will depend in large part . . . upon the complexity of the task at hand, the significance (and permanence",,v1-backfill-20260504-040014,2026-05-04T04:00:15Z
7bc64b37a4bf9da5962f2ef06f73b0e251231b077c904f6cbb3f0851ab87d92e,recognizing that there is no Monell claim without the aid of an underlying constitutional violation,recognizing that there is no monell claim without the aid of an underlying constitutional violation,,v1-backfill-20260504-040014,2026-05-04T04:00:15Z
7f1065af101e5fe2ce3a9ad4d59b6aea5c97334359bb932ef7f9d5f6271c0da6,"stating that Rule 15(d) “cannot be used to introduce a ‘separate, distinct and new 7 cause of action’”","stating that rule 15(d) “cannot be used to introduce a ‘separate, distinct and new 7 cause of action’”",,v1-backfill-20260504-040014,2026-05-04T04:00:14Z
800b2f76f1792bcb104ffb57488c9c50bdc72f9fe1e5067fbb25a2851276a7a8,"first citing Sawtelle v. Farrell, 70 F.3d 1381, 1385 (1st Cir. 1995); and then citing C.W. Downer & Co. v. Bioriginal Food & Sci. Corp., 771 F.3d 59, 65 (1st Cir. 2014)","first citing sawtelle v. farrell, 70 f.3d 1381, 1385 (1st cir. 1995); and then citing c.w. downer & co. v. bioriginal food & sci. corp., 771 f.3d 59, 65 (1st cir. 2014)",,v1-backfill-20260504-040014,2026-05-04T04:00:15Z
82038fdfe794c482e6c59c2a56b4ad3da8051029edc4608f1d539fe3aa4f3701,"interpreting debt subordination agreement and explaining that “property interests should not be analyzed differently as a result of a party’s involvement in a bankruptcy case” (citing Butner v. United States, 440 U.S. 48, 55 (1979))","interpreting debt subordination agreement and explaining that “property interests should not be analyzed differently as a result of a party’s involvement in a bankruptcy case” (citing butner v. united states, 440 u.s. 48, 55 (1979))",,v1-backfill-20260504-040014,2026-05-04T04:00:15Z
84ed0ad2f123107cee0c8575f4b2bd596c602e2918a70ab064055373f0d8d852,noting that Illinois law only requires that the “underlying complaint allege[] facts within or potentially within policy coverage”,noting that illinois law only requires that the “underlying complaint allege[] facts within or potentially within policy coverage”,,v1-backfill-20260504-040014,2026-05-04T04:00:15Z
87f60a2cd2c7bf86f41e3886dfdfe511dc409f995b29f75870cc0bdd89486578,“The essential attribute of a patent grant is that it provides a right to exclude competitors from infringing the patent”,“the essential attribute of a patent grant is that it provides a right to exclude competitors from infringing the patent”,,v1-backfill-20260504-040014,2026-05-04T04:00:14Z
89b6b55046d7f142e3b8f1761c11beb75a893278d6bce1a7a518f09c99286f22,"first quoting Brady v. Klentzman, 515 S.W.3d 878, 887 (Tex. 2017); and then quoting Waste Mgmt. of Tex., Inc. v. Tex. Disposal Sys. Landfill, Inc., 434 S.W.3d 142, 153 (Tex. 2014)","first quoting brady v. klentzman, 515 s.w.3d 878, 887 (tex. 2017); and then quoting waste mgmt. of tex., inc. v. tex. disposal sys. landfill, inc., 434 s.w.3d 142, 153 (tex. 2014)",,v1-backfill-20260504-040014,2026-05-04T04:00:14Z
8be907e6e9ed8f478526ef002aade30c071a723836ca4309dd2fb20f0a7594d5,“[J]ust because the staff declined to provide him with his desired prescription [] medicine . . . does not mean that the course of treatment was objectively unreasonable.”,“[j]ust because the staff declined to provide him with his desired prescription [] medicine . . . does not mean that the course of treatment was objectively unreasonable.”,,v1-backfill-20260504-040014,2026-05-04T04:00:15Z
8c9017fa14616cccf85149b3a1e55ebec0215546fc62a504a81e98b627bcbee2,"“Thus, although 4 all hazardous wastes are solid wastes, not all solid wastes are hazardous wastes.”","“thus, although 4 all hazardous wastes are solid wastes, not all solid wastes are hazardous wastes.”",,v1-backfill-20260504-040014,2026-05-04T04:00:14Z
8d785772866c7f694930d78a3f881ab73576909c431e065694888c13b861d4a3,explaining that the zone of interests test must be treated procedurally like any other “non- jurisdictional issue”,explaining that the zone of interests test must be treated procedurally like any other “non- jurisdictional issue”,,v1-backfill-20260504-040014,2026-05-04T04:00:15Z
8da5a869cda0071cb440668b4305e24296cd2eea7280d0e3da74606fc7b8c43a,"a “complaint should at least set forth minimal facts as to who did what to whom, when, where, and why—although why, when why means the actor’s state of mind, can be averred generally”","a “complaint should at least set forth minimal facts as to who did what to whom, when, where, and why—although why, when why means the actor’s state of mind, can be averred generally”",,v1-backfill-20260504-040014,2026-05-04T04:00:15Z
8de4872a33c8753979008a26ea24b89460b517016cce1efa210330d4953529b9,“The doctrine of prosecutorial vindictiveness . . . precludes action by a prosecutor that is designed to penalize a defendant for invoking any legally protected right[.]” (cleaned up),“the doctrine of prosecutorial vindictiveness . . . precludes action by a prosecutor that is designed to penalize a defendant for invoking any legally protected right[.]” (cleaned up),,v1-backfill-20260504-040014,2026-05-04T04:00:14Z
8f1b961a35509bcbae7b729a9b792ec1bb5d3faac2ca538b48c81f44b33c3a44,“An employee who does not have a similar disciplinary history and performance record as the plaintiff is not similarly situated.”,“an employee who does not have a similar disciplinary history and performance record as the plaintiff is not similarly situated.”,,v1-backfill-20260504-040014,2026-05-04T04:00:15Z
8f7a73a01a54e0d9480c7b87e8e772b3037da6b6ee821d2bf5728fedab357484,stating that testimony of hours worked based on personal knowledge is sufficient evidence under Anderson,stating that testimony of hours worked based on personal knowledge is sufficient evidence under anderson,,v1-backfill-20260504-040014,2026-05-04T04:00:14Z
8ff3cf63e235573f017de708756c234894385f5bf0d3535663d1d10c97576aad,"“To adequately plead an adverse employment action, . . . plaintiff need only show that she was discriminated against, because of a protected characteristic, with respect to hiring, firing, compensation, or the ‘terms, conditions, or privileges of employment’”","“to adequately plead an adverse employment action, . . . plaintiff need only show that she was discriminated against, because of a protected characteristic, with respect to hiring, firing, compensation, or the ‘terms, conditions, or privileges of employment’”",,v1-backfill-20260504-040014,2026-05-04T04:00:14Z
900131fb078ec33eb28a8c3c1e6733be1374ba37c0c49702026dbd7a070d012f,"“When retained to represent a corporation, [an attorney] represents the entity, not its individual shareholders, officers, or directors.”","“when retained to represent a corporation, [an attorney] represents the entity, not its individual shareholders, officers, or directors.”",,v1-backfill-20260504-040014,2026-05-04T04:00:14Z
91650d481b601a502f240c3dad259b10c739627bf9c5b317f415b0a6180597ea,finding that choice-of-law provisions are enforced in Massachusetts courts if enforcement is fair and reasonable,finding that choice-of-law provisions are enforced in massachusetts courts if enforcement is fair and reasonable,,v1-backfill-20260504-040014,2026-05-04T04:00:15Z
9194dd244d911a173ca5f3f3007cc599742802d9a46286539f98fa50ce114d62,"“Because the requirement of personal jurisdiction represents first of all an individual right, it can, like other such rights, be waived.”","“because the requirement of personal jurisdiction represents first of all an individual right, it can, like other such rights, be waived.”",,v1-backfill-20260504-040014,2026-05-04T04:00:14Z
91b1a789c9fc6b9f01fc58d56a973c6d057458fdf64238b7529e68b53c615c76,“[r]efusal to defend is unjustifiable unless it is clear from the face of the underlying complaint that the facts alleged do not fall potentially within the policy’s coverage”,“[r]efusal to defend is unjustifiable unless it is clear from the face of the underlying complaint that the facts alleged do not fall potentially within the policy’s coverage”,,v1-backfill-20260504-040014,2026-05-04T04:00:15Z
93cc446d86727e4d3cddb425f36a6bfcec24950e8eff4308ce71649528edefaa,“We generally do not consider issues raised for the 11 first time during oral argument.” (cleaned up),“we generally do not consider issues raised for the 11 first time during oral argument.” (cleaned up),,v1-backfill-20260504-040014,2026-05-04T04:00:14Z
940d760edbb5ff5fe18a230aad87c57034d95558caebaf214035abf01cfc86c0,"The “Sixth Amendment analysis would comprehend the entire time span from the appellees’ indictment in Superior Court to the dismissal of the federal charges against them, given that the same federal prosecutors controlled both prosecutions.”","the “sixth amendment analysis would comprehend the entire time span from the appellees’ indictment in superior court to the dismissal of the federal charges against them, given that the same federal prosecutors controlled both prosecutions.”",,v1-backfill-20260504-040014,2026-05-04T04:00:14Z
9619a474e9102248315423cd47457905775d02ff7abf55e4bc15666ab5992ce2,affirming district court’s 7 dismissal of a time-barred claim without leave to amend because “any amendments would have 8 been futile”,affirming district court’s 7 dismissal of a time-barred claim without leave to amend because “any amendments would have 8 been futile”,,v1-backfill-20260504-040014,2026-05-04T04:00:14Z
9653bbe40e0a8031fb6b667f2d0970cf435a4466fd4ea3dfd1879fbf0c05c2b4,“The amount of a bond is a determination that rests within the sound discretion of a trial court.”,“the amount of a bond is a determination that rests within the sound discretion of a trial court.”,,v1-backfill-20260504-040014,2026-05-04T04:00:14Z
9749542a5facc9fae335aa821c374245935cd15ff056452a61f0c576fd4f023e,noting that it is self-contradictory to grant leave to appeal in forma pauperis when the same complaint was dismissed for being frivolous,noting that it is self-contradictory to grant leave to appeal in forma pauperis when the same complaint was dismissed for being frivolous,,v1-backfill-20260504-040014,2026-05-04T04:00:15Z
98005864db8e7d2c56b18428bbca54a555e3a603648a1fbfb498972528cb9c48,"noting that the Supreme Judicial Court “recognized” these factors in Attorney General v. M.C.K., Inc., 432 Mass. 546, 555 & n.19, 736 N.E.2d 373, 380–81 & n.19 (2000)","noting that the supreme judicial court “recognized” these factors in attorney general v. m.c.k., inc., 432 mass. 546, 555 & n.19, 736 n.e.2d 373, 380–81 & n.19 (2000)",,v1-backfill-20260504-040014,2026-05-04T04:00:15Z
9dd70ea860a729b4fc83dc0fa7ed12223621fced08f764c1a5ee9cfffe776b2d,"a medical professional is “entitled to deference in treatment decisions unless ‘no minimally competent medical professional would have so responded under these circumstances’ ” (quoting Collignon v. Milwaukee County, 163 F.3d 982, 988 (7th Cir.1998)","a medical professional is “entitled to deference in treatment decisions unless ‘no minimally competent medical professional would have so responded under these circumstances’ ” (quoting collignon v. milwaukee county, 163 f.3d 982, 988 (7th cir.1998)",,v1-backfill-20260504-040014,2026-05-04T04:00:15Z
a5735298cf9d8d12d0b56feeb9c057537ad736f94b9518f7afa4a6aff6b86e89,"where that party has failed to create a genuine dispute, the fact is deemed admitted","where that party has failed to create a genuine dispute, the fact is deemed admitted",,v1-backfill-20260504-040014,2026-05-04T04:00:15Z
a5abcd3928fb172ffea3248b2aca84c424ce9a6e147237db6f8cde1aab148852,"noting that in evaluating a Rule 12(b)(6) motion, courts “can consider (a) ‘implications from documents’ attached to or fairly ‘incorporated into the complaint,’ (b) ‘facts’ susceptible to ‘judicial notice,’ and (c","noting that in evaluating a rule 12(b)(6) motion, courts “can consider (a) ‘implications from documents’ attached to or fairly ‘incorporated into the complaint,’ (b) ‘facts’ susceptible to ‘judicial notice,’ and (c",,v1-backfill-20260504-040014,2026-05-04T04:00:15Z
ab1c62bbd040495d3a5d02f28c28b97aa3d6a452cd6f9f9bbbf6ccc0f0e1e1ec,plaintiff’s likelihood of success is one factor considered in 8 deciding a motion for preliminary injunction,plaintiff’s likelihood of success is one factor considered in 8 deciding a motion for preliminary injunction,,v1-backfill-20260504-040014,2026-05-04T04:00:14Z
ac9469eaa09071ce1369c876477189c441b8398893efca62d9c5d36a66846e35,rejecting lawsuit for lack of subject-matter jurisdiction that was a “thinly veiled and improper attempt[] to collaterally attack [a] conviction in” in a different federal district,rejecting lawsuit for lack of subject-matter jurisdiction that was a “thinly veiled and improper attempt[] to collaterally attack [a] conviction in” in a different federal district,,v1-backfill-20260504-040014,2026-05-04T04:00:14Z
acf2d050be85e30c8a265b6ac46a6bf8a9f3253f3aca13798721518f2455ef9e,"“When a plaintiff files an amended complaint as of right within 21 days after the filing of the motion to dismiss under Rule 12(b), (e), or (f), the amended complaint becomes the operative pleading”","“when a plaintiff files an amended complaint as of right within 21 days after the filing of the motion to dismiss under rule 12(b), (e), or (f), the amended complaint becomes the operative pleading”",,v1-backfill-20260504-040014,2026-05-04T04:00:14Z
aea14c8a89731c62e709e885ac13cfe277c423dc33e608c20794c08ae2eb2c4f,"continued threats to collect upon and enforce a legally enforceable debt, including threatened home foreclosure, insufficient to state a claim of IIED","continued threats to collect upon and enforce a legally enforceable debt, including threatened home foreclosure, insufficient to state a claim of iied",,v1-backfill-20260504-040014,2026-05-04T04:00:15Z
aeb1b6a9febd1224637dd02896db5ec5e2a668eee259f2d613d44b8dafeaad8b,"“The policy of granting exclusive privileges in certain cases, was deemed of so much importance in a national point of view, that power was given to congress in the federal constitution.”","“the policy of granting exclusive privileges in certain cases, was deemed of so much importance in a national point of view, that power was given to congress in the federal constitution.”",,v1-backfill-20260504-040014,2026-05-04T04:00:14Z
aef98c458b963b2bfe4a515d5d7eaa9c33ec8e9fda2bbb4e068f69d7bc7e429e,"“When evidence of such acts is intrinsic to the charged crime, it is not evidence of other acts and is thus wholly unregulated by Rule 404(b).” (cleaned up)","“when evidence of such acts is intrinsic to the charged crime, it is not evidence of other acts and is thus wholly unregulated by rule 404(b).” (cleaned up)",,v1-backfill-20260504-040014,2026-05-04T04:00:14Z
b39aa6b4d7fc3d4ff232df540df322444a3cb39f1251d34723f6706a12615672,concluding the same in the context of a motion to dismiss pursuant to Rule 12(b)(6),concluding the same in the context of a motion to dismiss pursuant to rule 12(b)(6),,v1-backfill-20260504-040014,2026-05-04T04:00:14Z
b3a2bd4220241e3d977fa25a53d8c7b6c33222c863439c27224346cb7be433ce,rejecting tolling argument where challenged “terms” and “implications of [contractual] burdens were apparent” at signing,rejecting tolling argument where challenged “terms” and “implications of [contractual] burdens were apparent” at signing,,v1-backfill-20260504-040014,2026-05-04T04:00:15Z
b3bc7cdf667d0868bb79bb02293c74307785e14a9cbbd4e9cf9b01a3eca47a12,upholding admission of other crimes evidence where the district court “prevented the government from soliciting testimony about particularly prejudicial details”,upholding admission of other crimes evidence where the district court “prevented the government from soliciting testimony about particularly prejudicial details”,,v1-backfill-20260504-040014,2026-05-04T04:00:14Z
b46c356ab2fc86be4be270ca33bb28dd9fd5e4756e37ee924617bec9daf154da,“[L]abeling an inmate a snitch has the potential for great harm and may violate constitutional guarantees.”,“[l]abeling an inmate a snitch has the potential for great harm and may violate constitutional guarantees.”,,v1-backfill-20260504-040014,2026-05-04T04:00:15Z
b585892f17c749f0fc02990fe6ee013b35de245f9ec681aed071b53932eb202f,"“Where a plaintiff states a plausible claim for relief under one discernable legal theory, we start and end there.”","“where a plaintiff states a plausible claim for relief under one discernable legal theory, we start and end there.”",,v1-backfill-20260504-040014,2026-05-04T04:00:15Z
b8a6363c1c067004bf070fe4b819bcfb0f0db0e1414a67aa519241e56ec1e8cf,rejecting government proposal to “[a]llow[] the Government to use the remission process [provided in 21 U.S.C. § 853(i,rejecting government proposal to “[a]llow[] the government to use the remission process [provided in 21 u.s.c. § 853(i,,v1-backfill-20260504-040014,2026-05-04T04:00:14Z
bd0f5114755ce53163ac88f1ed18a7fe9eaee04f2938c23a96e60e661ac6fbfd,explaining that “$§1225(b)(1) and 1225(b)(2) thus mandate detention of applicants for admission until certain proceedings have concluded”,explaining that “$§1225(b)(1) and 1225(b)(2) thus mandate detention of applicants for admission until certain proceedings have concluded”,,v1-backfill-20260504-040014,2026-05-04T04:00:15Z
bd63056ef2111c1f24dcfcd70335495cebf8f1ef03777545d11efffb3a15109f,"noting that “California has the 2 “discovery rule” of tolling, “which postpones accrual of a cause of action until the plaintiff 3 discovers, or has reason to discover, the cause of action.","noting that “california has the 2 “discovery rule” of tolling, “which postpones accrual of a cause of action until the plaintiff 3 discovers, or has reason to discover, the cause of action.",,v1-backfill-20260504-040014,2026-05-04T04:00:14Z
c2b94fd6a4854296022772550c2ec9b7d775c38c62fb5af32a18a749bc521593,observing that an “insurer that breaches its duty to defend and abandons its insured is estopped from later invoking policy defenses to indemnity”,observing that an “insurer that breaches its duty to defend and abandons its insured is estopped from later invoking policy defenses to indemnity”,,v1-backfill-20260504-040014,2026-05-04T04:00:15Z
c39576376bd499c3aedc48c82ff46036f3ee5ddb31e359fc5e5b7dc7953f3ab0,“The felony murder rule is too deeply rooted in Anglo-American jurisprudence to be questioned now.”,“the felony murder rule is too deeply rooted in anglo-american jurisprudence to be questioned now.”,,v1-backfill-20260504-040014,2026-05-04T04:00:14Z
c616e28046a98ae4a100300ad7fe3f5ee815319a720877c9dfb95f148098ebd1,"finding that, unless there is a showing that a credit card issuer operated as a consumer reporting agency governed by § 1681i, a cause of action against a furnisher under § 1681i is improper","finding that, unless there is a showing that a credit card issuer operated as a consumer reporting agency governed by § 1681i, a cause of action against a furnisher under § 1681i is improper",,v1-backfill-20260504-040014,2026-05-04T04:00:15Z
c84a3993372d9633f16d51ccce2077db63ef8a4f899f8f98d7d580b20ee2d55e,“A release extinguishes a cause of action whereas a covenant not to sue affects only the right to bring suit and not the cause of action itself.”,“a release extinguishes a cause of action whereas a covenant not to sue affects only the right to bring suit and not the cause of action itself.”,,v1-backfill-20260504-040014,2026-05-04T04:00:15Z
ced06db14eacc3825e651bc8b47b771ea927f9c970d44c3b7b7b81902687904e,“[W]hen a prisoner chooses not to receive treatment . . . the doctor is not deliberately indifferent.”,“[w]hen a prisoner chooses not to receive treatment . . . the doctor is not deliberately indifferent.”,,v1-backfill-20260504-040014,2026-05-04T04:00:15Z
d22fb40ba7c700594644889246b3d973df7399dc16a08342874eb25fc4ef298f,"“As the Fifth Circuit has explained, usually ‘custody’ signifies incarceration or supervised release, but in general it encompasses most restrictions on liberty resulting from a criminal conviction.”","“as the fifth circuit has explained, usually ‘custody’ signifies incarceration or supervised release, but in general it encompasses most restrictions on liberty resulting from a criminal conviction.”",,v1-backfill-20260504-040014,2026-05-04T04:00:15Z
d3faf5940ada2a6d348f79889a3ed4926cf4f172b7b1347e9b72aeeccb6dc219,"“The transmission of information into Massachusetts by way of the mails, the internet, or the telephone is decidedly a contact for . . . the relatedness analysis.”","“the transmission of information into massachusetts by way of the mails, the internet, or the telephone is decidedly a contact for . . . the relatedness analysis.”",,v1-backfill-20260504-040014,2026-05-04T04:00:15Z
d44ff47555864048a997fcce86cc23f2b4d76e966d9165f12a18b16c19a2f314,“[T]he focus [in a failure to train claim] must be on the adequacy of the training program in relation to the tasks the particular officers must perform.”,“[t]he focus [in a failure to train claim] must be on the adequacy of the training program in relation to the tasks the particular officers must perform.”,,v1-backfill-20260504-040014,2026-05-04T04:00:14Z
d4c6e721bc367bc485b5035ec473117f42678c9f09d10875e51983a864652467,"holding that if the claimant cannot afford or obtain prescribed treatment or medication, the condition may still be disabling","holding that if the claimant cannot afford or obtain prescribed treatment or medication, the condition may still be disabling",,v1-backfill-20260504-040014,2026-05-04T04:00:14Z
d8014ae28a792a98f09a98dc872a54a663060c00b2cb5777b718e27f8d6aceba,"“In certain circumstances, maintaining stability within an employer’s workforce can be a legitimate business interest and thus the basis for a restrictive covenant.”","“in certain circumstances, maintaining stability within an employer’s workforce can be a legitimate business interest and thus the basis for a restrictive covenant.”",,v1-backfill-20260504-040014,2026-05-04T04:00:15Z
dc28c311fcf8a4da61515f479f9bcecd6458926319a30f9a9644c78d4373c9af,explaining that a court need not “accept as true the complaint’s factual allegations insofar as they contradict exhibits to the complaint”,explaining that a court need not “accept as true the complaint’s factual allegations insofar as they contradict exhibits to the complaint”,,v1-backfill-20260504-040014,2026-05-04T04:00:14Z
dc40866e30e65551fd6b39c2a61c339819985947377585ae45fa7a9cb0c41aaa,“[Plaintiffs] waited until they lost before asking for certification. This is almost always fatal unless the court sees strong policy reasons to insist on certification itself.”,“[plaintiffs] waited until they lost before asking for certification. this is almost always fatal unless the court sees strong policy reasons to insist on certification itself.”,,v1-backfill-20260504-040014,2026-05-04T04:00:15Z
e21ce2f2a7095a6be208a975397fe5963e1025a2f0812f8111f3102a463db027,exercising supplemental jurisdiction over state law claims because they arose out of the same facts as the plaintiff’s RICO claims,exercising supplemental jurisdiction over state law claims because they arose out of the same facts as the plaintiff’s rico claims,,v1-backfill-20260504-040014,2026-05-04T04:00:14Z
e36d4120a8e73186c39bb6fe24084fb6ea3f223035e91b91568340c7a77bf01f,"“[A]n amended complaint normally is treated as completely replacing the former pleading, even the residual claim for damages disappeared . . . when the district court granted the motion to amend.”","“[a]n amended complaint normally is treated as completely replacing the former pleading, even the residual claim for damages disappeared . . . when the district court granted the motion to amend.”",,v1-backfill-20260504-040014,2026-05-04T04:00:15Z
e411eb2fa437af22c49cfdc878b51565d40b87d9c8025f0ba44df6c96a0fd4b0,explaining that the exclusionary rule “applies only where it results in appreciable deterrence” (cleaned up),explaining that the exclusionary rule “applies only where it results in appreciable deterrence” (cleaned up),,v1-backfill-20260504-040014,2026-05-04T04:00:14Z
e56c8d2d47d6385240bc80db96eea7c3d2206489f9f95472a0cc15a8a1feef94,reserving the question of whether “the Fourth Amendment entails an ‘in the presence’ requirement for purposes of misdemeanor arrests”,reserving the question of whether “the fourth amendment entails an ‘in the presence’ requirement for purposes of misdemeanor arrests”,,v1-backfill-20260504-040014,2026-05-04T04:00:14Z
e5953e528e8b0faaeb58ab359ff679a5996882fafd868b50b64fce68141ea125,“[W]e have held that worry and anxiety are not the kind of concrete injury essential to standing.”,“[w]e have held that worry and anxiety are not the kind of concrete injury essential to standing.”,,v1-backfill-20260504-040014,2026-05-04T04:00:15Z
e5bb5f3d3df32181b169ed7553e2f1212cbaf73f46894844798dcb2e6a57c818,"explaining that holdover tenant became tenant at will “upon the terms of the expired, written lease” (citing Boudreau v. Johnson, 134 N.E. 359, 361 (Mass. 1922))","explaining that holdover tenant became tenant at will “upon the terms of the expired, written lease” (citing boudreau v. johnson, 134 n.e. 359, 361 (mass. 1922))",,v1-backfill-20260504-040014,2026-05-04T04:00:15Z
ea52132132ea6c11eedba48733a7cc398233cb1db385c9196a4ebc6567430384,dismissing a claim for breach of the implied covenant of good faith and fair dealing where plaintiffs failed to allege that defendants were under any obligation to modify their mortgage terms,dismissing a claim for breach of the implied covenant of good faith and fair dealing where plaintiffs failed to allege that defendants were under any obligation to modify their mortgage terms,,v1-backfill-20260504-040014,2026-05-04T04:00:15Z
eac5c6e65a653d946aeba84b6525b5fe0c8efd042269115ff29f802321af12f4,noting that “a court can sua sponte order a transfer even absent a motion from either party”,noting that “a court can sua sponte order a transfer even absent a motion from either party”,,v1-backfill-20260504-040014,2026-05-04T04:00:15Z
edd293d20fba174257f5256eef72a4014fbcdbdbb4a8f5ed8d2d75f2e3f8b93f,"“Under [Section 2675(b)], claimants under the FTCA cannot claim more than asked for in their administrative claims unless it is justified by newly discovered evidence.”","“under [section 2675(b)], claimants under the ftca cannot claim more than asked for in their administrative claims unless it is justified by newly discovered evidence.”",,v1-backfill-20260504-040014,2026-05-04T04:00:14Z
f1a0639fc050d29a84185593300100b30aae65cd16a150609e7f71d912b12c77,“[T]he mere fact that the infliction of the harm is upon condition does not by any means preclude it from being a threat within the meaning of the Code.”,“[t]he mere fact that the infliction of the harm is upon condition does not by any means preclude it from being a threat within the meaning of the code.”,,v1-backfill-20260504-040014,2026-05-04T04:00:14Z
f2094939afa4e597c43994356c85e6d68777cbdb0ee300bcca73f42cf3fe0115,"“We said ‘discard’ means to ‘cast aside; reject; abandon; give up.’” (quoting Ecological 23 Rts. Found., 713 F.3d at 515)","“we said ‘discard’ means to ‘cast aside; reject; abandon; give up.’” (quoting ecological 23 rts. found., 713 f.3d at 515)",,v1-backfill-20260504-040014,2026-05-04T04:00:14Z
f442bc5d1b0fd755b5e77fd5a510ed612132c6ba7307bebd54678c11e54012fb,finding that a claim for abuse of process is subject to California’s personal injury statute of limitations,finding that a claim for abuse of process is subject to california’s personal injury statute of limitations,,v1-backfill-20260504-040014,2026-05-04T04:00:14Z
f717d55b43fd9efb89e26b147f4d3a5815177897eba98cf62cf4cbc505f8465a,"“Where, as here, there is no applicable 26 federal statute governing personal jurisdiction, the district court applies the law of the state in 27 which the district court sits.”","“where, as here, there is no applicable 26 federal statute governing personal jurisdiction, the district court applies the law of the state in 27 which the district court sits.”",,v1-backfill-20260504-040014,2026-05-04T04:00:14Z
f8c71c283aaf3e68f6b38f9796bab41c58669ae69e1d0c7f002f2885e32d61a2,finding that the plaintiff “diligent[ly] pursued [ ] a variety of avenues” in the three years before filing its preliminary injunction motion and therefore the court declined to find that the plaintiff unreasonably delayed its motion,finding that the plaintiff “diligent[ly] pursued [ ] a variety of avenues” in the three years before filing its preliminary injunction motion and therefore the court declined to find that the plaintiff unreasonably delayed its motion,,v1-backfill-20260504-040014,2026-05-04T04:00:14Z
f961ab2b1cc8dde0b17607945d1fe5001afcabd17b2778a66319c79bd4bc3c8d,"recognizing that under both South Dakota and D.C. law, the use of a credit card can constitute assent to an arbitration provision in the accompanying agreement","recognizing that under both south dakota and d.c. law, the use of a credit card can constitute assent to an arbitration provision in the accompanying agreement",,v1-backfill-20260504-040014,2026-05-04T04:00:14Z
fe244b872e50620eb1522405996b511fffaf78da3882d8b214e713271132a15b,“Motions to dismiss habeas petitions pursuant to Fed. R. Civ. P. 12(b)(6) are not inconsistent with habeas rules.”,“motions to dismiss habeas petitions pursuant to fed. r. civ. p. 12(b)(6) are not inconsistent with habeas rules.”,,v1-backfill-20260504-040014,2026-05-04T04:00:15Z
fea6a051c4c7878aff74ef45b31295ef549453b700b729a34574a80eb598280e,"“When a district court finds that a lawsuit involves an arbitrable dispute, and a party requests a stay pending arbitration, § 3 of the FAA compels the court to stay the proceeding.”","“when a district court finds that a lawsuit involves an arbitrable dispute, and a party requests a stay pending arbitration, § 3 of the faa compels the court to stay the proceeding.”",,v1-backfill-20260504-040014,2026-05-04T04:00:14Z
feb36569b9ad483ab129c0dc0f7d6003dbe324d21320bab1c6fec4c4030fbf71,"“After a default judgment, the plaintiff’s well-pleaded factual allegations are taken as true, except regarding damages.”","“after a default judgment, the plaintiff’s well-pleaded factual allegations are taken as true, except regarding damages.”",,v1-backfill-20260504-040014,2026-05-04T04:00:14Z
ff446043934e506cdb8f4c0daa0641dac8c5b60e5736d197b7d4fda6a75fcf15,ambiguities in contract create question of fact that cannot be resolved on a motion to dismiss,ambiguities in contract create question of fact that cannot be resolved on a motion to dismiss,,v1-backfill-20260504-040014,2026-05-04T04:00:15Z
